seed,primary_worlds,primary_conditions,primary_source_runs,ablation_source_runs,total_source_runs,status
30000,2,4,8,6,14,executed_complete
30001,2,4,8,6,14,executed_complete
30002,2,4,8,6,14,executed_complete
30003,2,4,8,6,14,executed_complete
30004,2,4,8,6,14,executed_complete
30005,2,4,8,6,14,executed_complete
30006,2,4,8,6,14,executed_complete
30007,2,4,8,6,14,executed_complete
30008,2,4,8,6,14,executed_complete
30009,2,4,8,6,14,executed_complete
30010,2,4,8,6,14,executed_complete
30011,2,4,8,6,14,executed_complete
30012,2,4,8,6,14,executed_complete
30013,2,4,8,6,14,executed_complete
30014,2,4,8,6,14,executed_complete
30015,2,4,8,6,14,executed_complete
30016,2,4,8,6,14,executed_complete
30017,2,4,8,6,14,executed_complete
30018,2,4,8,6,14,executed_complete
30019,2,4,8,6,14,executed_complete
30020,2,4,8,6,14,executed_complete
30021,2,4,8,6,14,executed_complete
30022,2,4,8,6,14,executed_complete
30023,2,4,8,6,14,executed_complete
30024,2,4,8,6,14,executed_complete
30025,2,4,8,6,14,executed_complete
30026,2,4,8,6,14,executed_complete
30027,2,4,8,6,14,executed_complete
30028,2,4,8,6,14,executed_complete
30029,2,4,8,6,14,executed_complete
30030,2,4,8,6,14,executed_complete
30031,2,4,8,6,14,executed_complete
30032,2,4,8,6,14,executed_complete
30033,2,4,8,6,14,executed_complete
30034,2,4,8,6,14,executed_complete
30035,2,4,8,6,14,executed_complete
30036,2,4,8,6,14,executed_complete
30037,2,4,8,6,14,executed_complete
30038,2,4,8,6,14,executed_complete
30039,2,4,8,6,14,executed_complete
30040,2,4,8,6,14,executed_complete
30041,2,4,8,6,14,executed_complete
30042,2,4,8,6,14,executed_complete
30043,2,4,8,6,14,executed_complete
30044,2,4,8,6,14,executed_complete
30045,2,4,8,6,14,executed_complete
30046,2,4,8,6,14,executed_complete
30047,2,4,8,6,14,executed_complete
30048,2,4,8,6,14,executed_complete
30049,2,4,8,6,14,executed_complete
30050,2,4,8,6,14,executed_complete
30051,2,4,8,6,14,executed_complete
30052,2,4,8,6,14,executed_complete
30053,2,4,8,6,14,executed_complete
30054,2,4,8,6,14,executed_complete
30055,2,4,8,6,14,executed_complete
30056,2,4,8,6,14,executed_complete
30057,2,4,8,6,14,executed_complete
30058,2,4,8,6,14,executed_complete
30059,2,4,8,6,14,executed_complete
30060,2,4,8,6,14,executed_complete
30061,2,4,8,6,14,executed_complete
30062,2,4,8,6,14,executed_complete
30063,2,4,8,6,14,executed_complete
30064,2,4,8,6,14,executed_complete
30065,2,4,8,6,14,executed_complete
30066,2,4,8,6,14,executed_complete
30067,2,4,8,6,14,executed_complete
30068,2,4,8,6,14,executed_complete
30069,2,4,8,6,14,executed_complete
30070,2,4,8,6,14,executed_complete
30071,2,4,8,6,14,executed_complete
